<?xml version="1.0" encoding="utf-8"?>
<odoo>
    <data > <!--noupdate='1' means This record will never be updated ,means this file load only initial time, after that this file never load and update  # noupdate='0' means means this file load and update every time you update the file when you start with -update=module-->
    	<record id="p_101" model="hospital.patients">
            <field name="name">demo-Vishal Sakariya</field> <!--here if u add string='Name' in feild then demo data not showing and during installing module error: Element odoo has extra content: data, line 3" error in XML file' -->
            <field name="age">24</field>
            <field name="gender">male</field> <!-- here u have to select key value(male) from gender selection[('male,Male')],doesn't select Male(value) -->
            <field name="description">bike accident</field>
            
        </record>
        <record id="p_201" model="hospital.patients">
            <field name="name">Demo-Meet Gandhi</field>
            <field name="age">23</field>
            <!-- <field name="gender">male</field> -->
            <field name="description">bike accident</field>
            
        </record>
        <record id="p_301" model="hospital.patients">
            <field name="name">Demo-Keshari</field>
            <field name="age">22</field>
            <field name="gender">male</field>
            <field name="description">bike accident</field>
        </record>

        <record id="p_401" model="hospital.patients">
            <field name="name">Demo-sanjay sharma </field>
            <field name="age">26</field>
            <field name="gender">male</field>
            <field name="description">bike accident</field>
        
        </record>
        
        <record id="p_501" model="hospital.appointment">
            <field name="patient_id" ref="odoo_hospital.p_201"</field>
            <field name="name">Demo-sanjay sharma </field>
            <field name="age">26</field>
            <field name="gender">male</field>
            <field name="description">bike accident</field>
        </record>
    </data>
</odoo>
