<?xml version="1.0" encoding="utf-8"?>
<odoo>
    <record model="res.groups" id="group_hospital_admin">
        <field name="name">Hospital / Admin</field>
    </record>
    <record model="ir.rule" id="only_active_modify">
        <field name="name">Only Emergency Patients Get Treatment</field>
        <field name="perm_read" eval="1"/>
        <field name="perm_write" eval="0"/>
        <field name="perm_create" eval="0"/>
        <field name="perm_unlink" eval="1"/>
        <field name="domain_force">[(1,'=',1)]</field>
        <field name="model_id" ref="model_hospital_patients"/>
    </record>
    <!-- <record model="ir.rule" id="only_present_doctors">
        <field name="name">Only Available Doctors Do Treatment</field>
        <field name="perm_read" eval="1"/>
        <field name="perm_write" eval="1"/>
        <field name="perm_create" eval="0"/>
        <field name="perm_unlink" eval="1"/>
        <field name="domain_force">[(1,'=',1)]</field>
        <field name="model_id" ref="model_hospital_doctors"/>
        
    </record> -->

    <!-- <record model="ir.rule" id="only_appointment">
        <field name="name">appointment</field>
        <field name="perm_read" eval="1"/>
        <field name="perm_write" eval="1"/>
        <field name="perm_create" eval="1"/>
        <field name="perm_unlink" eval="1"/>
        <field name="domain_force">[(1,'=',1)]</field>
        <field name="model_id" ref="model_hospital_appointment"/>
    </record> -->
</odoo>