id,name,model_id:id,group_id:id,perm_read,perm_write,perm_create,perm_unlink
access_hospital_patients,access.hospital.patients,model_hospital_patients,,1,1,1,1
access_hospital_doctor,access.hospital.doctor,model_hospital_doctor,,1,1,1,1
access_hospital_appointment,access.hospital.appointment,model_hospital_appointment,,1,1,1,1
access_prescription_lines,access.prescription.lines,model_appointment_prescription_lines,,1,1,1,1
access_create_appointment_wizard,access.create.appointment.wizard,model_create_appointment_wizard,,1,1,1,1
hospital_read_all,hospital read all,model_hospital_patients,,1,0,0,0
